raccoon-174_jpg.rf.0TApbeZZ8Lq5kQ6yZSwF.jpg,54,28,255,343,raccoon
raccoon-161_jpg.rf.0Mle2LMLqLVbuWufJSM6.jpg,174,88,320,223,raccoon
raccoon-89_jpg.rf.0LCgtBGqdeteFcGC0806.jpg,29,13,361,377,raccoon
raccoon-151_jpg.rf.5QM6WsoL5TPMyAnE0exp.jpg,78,174,200,414,raccoon
raccoon-196_jpg.rf.5NAUtrxfeBUqpWlCar64.jpg,148,168,377,407,raccoon
raccoon-121_jpg.rf.0vtSjAnB6eM9ME4D67ol.jpg,38,36,289,393,raccoon
raccoon-182_jpg.rf.0uW2FD3INY695W6ylKva.jpg,14,102,232,415,raccoon
raccoon-29_jpg.rf.5UbtcvzGv7KtCxLnBv7z.jpg,106,14,331,407,raccoon
raccoon-195_jpg.rf.740NhNOOgSi0w9QomssP.jpg,46,205,366,414,raccoon
raccoon-158_jpg.rf.29Zyi0Uggb1h2Bd5lb4L.jpg,35,53,396,403,raccoon
raccoon-15_jpg.rf.489WJgVbH5eohmBISIHF.jpg,203,70,400,415,raccoon
raccoon-61_jpg.rf.3EbaZ6gnGnQXGoChS06v.jpg,143,143,296,335,raccoon
raccoon-61_jpg.rf.3EbaZ6gnGnQXGoChS06v.jpg,216,88,324,244,raccoon
raccoon-118_jpg.rf.4UxK1xxdM4Tfqf7ddN6j.jpg,101,44,286,415,raccoon
raccoon-115_jpg.rf.7RRyMHlnx22S2N6vniTN.jpg,50,85,343,362,raccoon
raccoon-88_jpg.rf.4MfWIW6Hrvz1KH1oZ5GZ.jpg,75,35,342,378,raccoon
raccoon-163_jpg.rf.0YTbudXBepA7uEwCmOnl.jpg,10,14,403,322,raccoon
raccoon-169_jpg.rf.062UREZtsQG7f5AmLIiA.jpg,131,1,372,415,raccoon
raccoon-20_jpg.rf.4WAs8L29reqeirSqGg9t.jpg,1,23,416,389,raccoon
raccoon-154_jpg.rf.4uPzYIGp5vUBK0Mpvg9F.jpg,95,56,331,344,raccoon
raccoon-32_jpg.rf.A3giRbzBDwzWsCUjxcGU.jpg,58,92,315,329,raccoon
raccoon-171_jpg.rf.A6U9PhTpm209NbQEuHVd.jpg,201,39,334,213,raccoon
raccoon-21_jpg.rf.7XOQqxp8MQwRrVn8xE76.jpg,85,5,310,409,raccoon
raccoon-124_jpg.rf.8q2LIZpw29DCvJBEjkfw.jpg,27,84,384,315,raccoon
raccoon-16_jpg.rf.B7mRyX2zKgmj4GfdTHCu.jpg,50,116,348,411,raccoon
raccoon-146_jpg.rf.AT3OEtpurP9GNGFMNHUU.jpg,6,9,410,409,raccoon
raccoon-165_jpg.rf.8SCzRog4BwZ83PXUcED3.jpg,57,18,406,375,raccoon
raccoon-44_jpg.rf.AskpsRiftcZiHcpXbY0L.jpg,63,35,343,409,raccoon
raccoon-94_jpg.rf.5CNnewuURDkzQIGjJW4K.jpg,92,9,323,396,raccoon
raccoon-176_jpg.rf.B7dOSWLGt9AqGehid5Wc.jpg,160,71,318,333,raccoon
raccoon-176_jpg.rf.B7dOSWLGt9AqGehid5Wc.jpg,54,1,163,147,raccoon
raccoon-189_jpg.rf.9ARgm1yqSl1ae84rLngN.jpg,13,2,352,405,raccoon
raccoon-12_jpg.rf.9XeEPEIOrBYa8SV7y8nL.jpg,45,45,202,388,raccoon
raccoon-12_jpg.rf.9XeEPEIOrBYa8SV7y8nL.jpg,137,71,378,414,raccoon
raccoon-185_jpg.rf.BYk3nsCTaMrRw1vlb4Pp.jpg,38,3,302,412,raccoon
raccoon-36_jpg.rf.ADOT5Xcrqf2CBQd1liRf.jpg,73,26,305,415,raccoon
raccoon-78_jpg.rf.BbHiKwTi7tIssLj0rum6.jpg,53,28,413,398,raccoon
raccoon-57_jpg.rf.8yZARYYn68JKxfOa2n4f.jpg,53,6,415,414,raccoon
raccoon-14_jpg.rf.Co6rWUaZCOO8otkY0IcD.jpg,76,70,253,377,raccoon
raccoon-133_jpg.rf.AumbkGBEaK3if3xr2rXy.jpg,7,4,404,410,raccoon
raccoon-59_jpg.rf.6aDJXsBMD9aNCdHNZ5Mu.jpg,1,2,311,300,raccoon
raccoon-144_jpg.rf.BsojHoPGoxD11h7QIylE.jpg,86,45,284,415,raccoon
raccoon-28_jpg.rf.BpDylskQoKmQJepcWOr8.jpg,64,74,416,415,raccoon
raccoon-69_jpg.rf.GeXNSZJE74xhqy7y93c3.jpg,25,18,382,406,raccoon
raccoon-84_jpg.rf.EVGCgijizwHBcDHiLCSw.jpg,43,15,271,409,raccoon
raccoon-80_jpg.rf.Ec9UJrEgbAOo9daEs5eV.jpg,39,50,327,336,raccoon
raccoon-3_jpg.rf.FehnT1wDKERrv4oXztdm.jpg,1,1,416,413,raccoon
raccoon-104_jpg.rf.HdpZVmq1teO4b2ny0HJO.jpg,131,56,236,341,raccoon
raccoon-130_jpg.rf.DXMxqz61gFaA9r6hPaq9.jpg,145,61,323,300,raccoon
raccoon-130_jpg.rf.DXMxqz61gFaA9r6hPaq9.jpg,295,40,416,414,raccoon
raccoon-56_jpg.rf.IR7dpRC8jTsXirB76IrI.jpg,35,12,388,398,raccoon
raccoon-73_jpg.rf.IgPHaS3AuJUHRXQmIhDJ.jpg,82,38,401,390,raccoon
raccoon-76_jpg.rf.FzjkIXRw6gk8NBFEGHI2.jpg,26,2,392,244,raccoon
raccoon-45_jpg.rf.I8Z08N1z5UWSUqPKHZPd.jpg,94,7,305,414,raccoon
raccoon-135_jpg.rf.IMrZrg6Kz4AEOlCpze8l.jpg,65,8,394,394,raccoon
raccoon-109_jpg.rf.LzEfJ28WbPo5OxpukIGd.jpg,20,2,384,405,raccoon
raccoon-46_jpg.rf.HaOZjeMSiYmebkiHgVra.jpg,105,3,306,415,raccoon
raccoon-110_jpg.rf.9H9GqFdeMHk8Vh3CTgtP.jpg,52,3,375,398,raccoon
raccoon-4_jpg.rf.Lluzl7wf3QOiSmiMiSIj.jpg,32,25,304,414,raccoon
raccoon-184_jpg.rf.Jlp4Mc8yigJJHMm2nJ0o.jpg,53,50,369,401,raccoon
raccoon-111_jpg.rf.LEvSQCZ7dQDrt8BQ1cUm.jpg,22,3,370,398,raccoon
raccoon-34_jpg.rf.KgTOGXyzaqjDSUx18u3t.jpg,2,4,366,414,raccoon
raccoon-188_jpg.rf.JcGxRHcszaDQhuOMBaa1.jpg,24,78,331,367,raccoon
raccoon-170_jpg.rf.6BUQJQ2JcicLFyXoEM4H.jpg,85,58,408,371,raccoon
raccoon-54_jpg.rf.MR204FVYc9XDRRDLoAzR.jpg,54,6,357,409,raccoon
raccoon-30_jpg.rf.NPkzKohNa5D2tABfOYQy.jpg,122,55,285,388,raccoon
raccoon-145_jpg.rf.JCWppjwVzSTAK5Fv0aSs.jpg,2,33,240,415,raccoon
raccoon-145_jpg.rf.JCWppjwVzSTAK5Fv0aSs.jpg,181,38,395,415,raccoon
raccoon-143_jpg.rf.MJwGepEt8iJgbqjol0sN.jpg,28,63,383,348,raccoon
raccoon-132_jpg.rf.JuPvZXmiUTpKidRE0xBK.jpg,10,4,386,281,raccoon
raccoon-172_jpg.rf.LJbm7o2O1r9n30c43RTe.jpg,124,64,270,363,raccoon
raccoon-2_jpg.rf.NBPogI6xGeUn9aXAeJC3.jpg,31,37,240,362,raccoon
raccoon-26_jpg.rf.N7Na7mM0dqMA0F31Iz45.jpg,155,6,415,376,raccoon
raccoon-24_jpg.rf.LT1VC0amKwztEwO6bFvk.jpg,119,106,278,345,raccoon
raccoon-24_jpg.rf.LT1VC0amKwztEwO6bFvk.jpg,216,170,314,321,raccoon
raccoon-81_jpg.rf.Mq6NXnnLzv34CdUVe76T.jpg,3,50,398,379,raccoon
raccoon-17_jpg.rf.LSzSuKkifGMSU8hDAB5h.jpg,153,129,268,253,raccoon
raccoon-127_jpg.rf.OKCWEzHOMMeiTTxbjOqe.jpg,206,123,349,345,raccoon
raccoon-186_jpg.rf.Qszb5mCxtPOpTk0ZK7HU.jpg,22,39,348,376,raccoon
raccoon-64_jpg.rf.Mg6mwuhmKMgoUxIlT6jV.jpg,2,2,398,414,raccoon
raccoon-114_jpg.rf.RiU3t94Jeo5W0fd770Vt.jpg,161,35,348,263,raccoon
raccoon-87_jpg.rf.Mii8qqnFvQSvnNjeka0P.jpg,2,7,335,404,raccoon
raccoon-27_jpg.rf.OMPIn4rBFwNMk7bzedUN.jpg,10,39,409,387,raccoon
raccoon-22_jpg.rf.OG3Ml7Dolj9c0o4PbJK6.jpg,164,88,303,387,raccoon
raccoon-183_jpg.rf.OB5aIruBsbjNt8ExrR57.jpg,75,7,282,349,raccoon
raccoon-18_jpg.rf.V2oz98hhPoNa0IUhd1mo.jpg,56,67,349,347,raccoon
raccoon-125_jpg.rf.V2Ul5pPMx4k6ogBIMwjR.jpg,21,13,405,405,raccoon
raccoon-140_jpg.rf.XHbEI3OuH8rgeHzLDNDi.jpg,12,29,412,389,raccoon
raccoon-200_jpg.rf.W3rpJysOHvdOAuEnTNEY.jpg,170,22,397,358,raccoon
raccoon-179_jpg.rf.SLj5LR0VtqFsgLAcY7jB.jpg,1,163,187,395,raccoon
raccoon-75_jpg.rf.YlMs1n4dZe1fSWKIAsDd.jpg,1,1,415,299,raccoon
raccoon-198_jpg.rf.a8FPzrog2et3M0xInLCx.jpg,92,45,254,395,raccoon
raccoon-198_jpg.rf.a8FPzrog2et3M0xInLCx.jpg,180,69,320,339,raccoon
raccoon-168_jpg.rf.VGysc5nmOQDryDkgYMIj.jpg,65,117,248,402,raccoon
raccoon-168_jpg.rf.VGysc5nmOQDryDkgYMIj.jpg,115,2,312,410,raccoon
raccoon-41_jpg.rf.W9dUzr9uz0SR0O6T6LkJ.jpg,125,65,315,389,raccoon
raccoon-100_jpg.rf.YWIftfgUdZqJLTkvI9W2.jpg,238,7,414,376,raccoon
raccoon-105_jpg.rf.S4P0w34qeFrLIhNIHmuD.jpg,145,21,413,377,raccoon
raccoon-139_jpg.rf.YuOi6NoWDJZngmRFa2yO.jpg,32,13,284,358,raccoon
raccoon-48_jpg.rf.SuALG3iAomm4ma3XgKsa.jpg,69,61,383,380,raccoon
raccoon-126_jpg.rf.YsqOAv7zuAzV39ZNjJWF.jpg,8,11,401,406,raccoon
raccoon-106_jpg.rf.UCuMtEoBFF5lvbYSErKC.jpg,48,47,349,325,raccoon
raccoon-122_jpg.rf.aD7ZY4UYguNK7JYpLx0c.jpg,16,10,407,291,raccoon
raccoon-37_jpg.rf.aKMbQgz3gKmlAhdWypTl.jpg,10,1,400,415,raccoon
raccoon-96_jpg.rf.HWHEmDz9DkkpkqaaVyPz.jpg,51,48,367,333,raccoon
raccoon-93_jpg.rf.aLVYqVxq4jhYDW3rLvSl.jpg,110,60,387,393,raccoon
raccoon-141_jpg.rf.Z5FqPjTBW22zdXU1DAbv.jpg,2,2,257,363,raccoon
raccoon-102_jpg.rf.Vtizg4N4D1Wn9fv4sBaJ.jpg,2,2,190,326,raccoon
raccoon-193_jpg.rf.YlCQo2ZpBqLMpQDL2Kse.jpg,15,105,289,406,raccoon
raccoon-134_jpg.rf.RFGL6ESeJCrId85Vm15G.jpg,231,161,359,312,raccoon
raccoon-43_jpg.rf.chWSNPCd8K64vFDiFtZ9.jpg,1,75,207,365,raccoon
raccoon-162_jpg.rf.abgsw4ndfVWi8GTwjzwc.jpg,72,73,259,394,raccoon
raccoon-194_jpg.rf.ZIvthRxYrcmdkj7oQOPX.jpg,0,25,341,402,raccoon
raccoon-150_jpg.rf.bzGGG0tHFLVQCOcdrWTu.jpg,121,141,283,384,raccoon
raccoon-83_jpg.rf.atgkVnBAHbQbfO8tha39.jpg,65,3,321,414,raccoon
raccoon-70_jpg.rf.Xel5jDFSyCo1scmKTGhY.jpg,50,5,350,410,raccoon
raccoon-31_jpg.rf.fMbi4VStxp6mv8tMSqYD.jpg,145,41,330,383,raccoon
raccoon-31_jpg.rf.fMbi4VStxp6mv8tMSqYD.jpg,19,107,141,282,raccoon
raccoon-192_jpg.rf.XZrpaOdOLsftCK06774t.jpg,104,205,243,370,raccoon
raccoon-68_jpg.rf.dV9RLCF9qBirlNmM4QDH.jpg,1,24,337,415,raccoon
raccoon-5_jpg.rf.P2kMV71sw3gG2PUfu9Km.jpg,5,7,401,398,raccoon
raccoon-119_jpg.rf.bmAg2RtNoisxOmzkfzbE.jpg,17,49,377,276,raccoon
raccoon-119_jpg.rf.bmAg2RtNoisxOmzkfzbE.jpg,220,280,288,314,raccoon
raccoon-119_jpg.rf.bmAg2RtNoisxOmzkfzbE.jpg,206,306,291,369,raccoon
raccoon-123_jpg.rf.e2T41DASi7hi7wG7hfCv.jpg,182,43,358,402,raccoon
raccoon-166_jpg.rf.eRTnxiWjkSE6gJRIzAu0.jpg,137,84,264,324,raccoon
raccoon-178_jpg.rf.c1wXWhgZXADDzCfgyAaJ.jpg,89,27,366,409,raccoon
raccoon-13_jpg.rf.hW0fUIZl7o6oWoyl7Kpf.jpg,35,24,248,263,raccoon
raccoon-156_jpg.rf.ftJOhD0Ui1n1glvfhKcr.jpg,56,45,288,403,raccoon
raccoon-33_jpg.rf.eoVqap7XuMyDd9FbC7eI.jpg,62,6,411,415,raccoon
raccoon-63_jpg.rf.dT1hjklwbAWPVbSj4uKq.jpg,51,111,194,302,raccoon
raccoon-63_jpg.rf.dT1hjklwbAWPVbSj4uKq.jpg,158,97,280,310,raccoon
raccoon-117_jpg.rf.fVB0ixT8jKL4RVN9U1IR.jpg,65,115,173,301,raccoon
raccoon-117_jpg.rf.fVB0ixT8jKL4RVN9U1IR.jpg,223,94,371,276,raccoon
raccoon-138_jpg.rf.iaM9s8IMWeoRA5VnDJXP.jpg,90,116,363,322,raccoon
raccoon-180_jpg.rf.ce25zVjoS2kYjBMoa8yr.jpg,83,22,255,415,raccoon
raccoon-197_jpg.rf.ieNMvNPmchNdAEzWg5Fc.jpg,37,21,321,378,raccoon
raccoon-53_jpg.rf.h0gjlinfJgoHZJXir7UA.jpg,114,97,316,367,raccoon
raccoon-97_jpg.rf.jiRlV3vZq8y5ywPxxMiU.jpg,1,34,285,325,raccoon
raccoon-35_jpg.rf.gBI37gb6eeIrAdWGNEDK.jpg,2,2,250,414,raccoon
raccoon-142_jpg.rf.elSPBxwT3Cs6QobeFtY9.jpg,70,88,330,401,raccoon
raccoon-23_jpg.rf.gw3KdUyjaP5cQ6zcS40N.jpg,173,2,416,414,raccoon
raccoon-55_jpg.rf.iiuBuVwt1FmxfjJuI1TC.jpg,4,49,164,319,raccoon
raccoon-55_jpg.rf.iiuBuVwt1FmxfjJuI1TC.jpg,180,27,369,409,raccoon
raccoon-147_jpg.rf.jjmmhY1dLMFn4jJlaeW9.jpg,13,1,415,317,raccoon
raccoon-101_jpg.rf.ebfr15yC06H7KdSNWJkC.jpg,56,52,260,348,raccoon
raccoon-67_jpg.rf.kJTJ4Op1CRhIiZciiV3l.jpg,28,38,343,378,raccoon
raccoon-72_jpg.rf.jefuPY3lQ0BGw1D2Xub8.jpg,163,193,331,372,raccoon
raccoon-72_jpg.rf.jefuPY3lQ0BGw1D2Xub8.jpg,73,34,211,333,raccoon
raccoon-51_jpg.rf.j6jIBivmhDWR5DJcwoIQ.jpg,164,73,401,375,raccoon
raccoon-8_jpg.rf.exZsAoVTaPCdKkaYKDNy.jpg,26,24,379,375,raccoon
raccoon-160_jpg.rf.j8CAnHTyv79V0xqIpWWc.jpg,11,89,265,414,raccoon
raccoon-129_jpg.rf.nFKEP4T5G7uyinMGKHqt.jpg,92,32,288,365,raccoon
raccoon-19_jpg.rf.lmoNF5jvYAjMaxN6XdXt.jpg,140,17,292,191,raccoon
raccoon-90_jpg.rf.jUuX6n7D184OJy9gGkVL.jpg,29,88,376,415,raccoon
raccoon-112_jpg.rf.nbkvNSV9kgY2YMtnEt10.jpg,68,126,403,408,raccoon
raccoon-79_jpg.rf.ktsyolcZVgX1MNcWl2E6.jpg,78,1,370,415,raccoon
raccoon-11_jpg.rf.lNZTRyjSWF2bN5P9Pz7z.jpg,2,1,290,415,raccoon
raccoon-9_jpg.rf.lICx86OESVjDaYlcKPYr.jpg,12,6,415,385,raccoon
raccoon-159_jpg.rf.k5wJBaUEt6Vvvl7cWLOX.jpg,26,21,410,412,raccoon
raccoon-7_jpg.rf.lHsAWCnnb1Kzt8rmowxp.jpg,93,107,275,357,raccoon
raccoon-177_jpg.rf.nCtmzWTE90cNGA2AqCKX.jpg,12,41,237,405,raccoon
raccoon-177_jpg.rf.nCtmzWTE90cNGA2AqCKX.jpg,220,29,396,332,raccoon
raccoon-82_jpg.rf.o9L7wWqW3gUCb5APXKmJ.jpg,3,1,351,415,raccoon
raccoon-107_jpg.rf.pQbBB9zNruyNhePH5B52.jpg,137,34,413,395,raccoon
raccoon-66_jpg.rf.pDZVWkbZQDCqiA38nh2x.jpg,107,32,337,378,raccoon
raccoon-187_jpg.rf.nzeEH0LYtGfw3iO4Ee5T.jpg,185,131,336,322,raccoon
raccoon-137_jpg.rf.pTlX2hsGoAvoglO0LBnD.jpg,93,14,396,404,raccoon
raccoon-77_jpg.rf.q9hGI9jrDJ1PpxX1x0rd.jpg,105,1,408,381,raccoon
raccoon-113_jpg.rf.fnc60ia7jy2Ibb5I4gS3.jpg,1,1,250,378,raccoon
raccoon-62_jpg.rf.q5lRDAZbZyb9ibt1NkHA.jpg,48,19,412,415,raccoon
raccoon-40_jpg.rf.pPYmgP0Dt4W3jAq6cJP7.jpg,142,61,303,318,raccoon
raccoon-86_jpg.rf.qxniBkdMh5L4p6IDfKmJ.jpg,89,35,330,415,raccoon
raccoon-199_jpg.rf.qPwz4cyyVZcPAop72vBf.jpg,18,62,345,391,raccoon
raccoon-175_jpg.rf.qmCGlOJpoou2TtPxfBEr.jpg,46,97,233,413,raccoon
raccoon-47_jpg.rf.phm5uh52g5EiE2hIqM5i.jpg,54,9,372,414,raccoon
raccoon-25_jpg.rf.mV9OK1wVxDSQRZSVIDkT.jpg,20,54,214,416,raccoon
raccoon-164_jpg.rf.mDypaem8OyAzB52vVdNx.jpg,15,61,272,414,raccoon
raccoon-99_jpg.rf.r00W7YOUlLNBH5WP07gR.jpg,25,73,218,412,raccoon
raccoon-98_jpg.rf.rAeGjNwLevttDW7jAQal.jpg,94,36,304,356,raccoon
raccoon-157_jpg.rf.sFXF3Byt99UCrAC39stv.jpg,2,2,272,380,raccoon
raccoon-167_jpg.rf.qvCX0z6icMl2ih05K5v9.jpg,2,11,283,414,raccoon
raccoon-108_jpg.rf.qFSgit2nhskdamOaI6Nm.jpg,68,46,277,401,raccoon
raccoon-1_jpg.rf.sIcWuSUPDjwlVKDOlw6R.jpg,52,88,334,407,raccoon
raccoon-131_jpg.rf.qcvI2Yyo9dCoMVIx6qNw.jpg,2,2,320,395,raccoon
raccoon-95_jpg.rf.s5mrXnEKqpNE8vSsFhDA.jpg,65,47,354,301,raccoon
raccoon-74_jpg.rf.rTU8ZxbtKRF4JHrqvEOq.jpg,74,5,246,394,raccoon
raccoon-136_jpg.rf.qyzqkaghSS8MCBX84b2s.jpg,83,51,322,406,raccoon
raccoon-92_jpg.rf.spnLudxRSgVmSMlNM46D.jpg,16,21,316,353,raccoon
raccoon-128_jpg.rf.wVPQVhCxh9rg5pvhDqMY.jpg,122,187,305,318,raccoon
raccoon-152_jpg.rf.xLGes66kRxKWt9q1Y7JL.jpg,62,137,337,353,raccoon
raccoon-39_jpg.rf.yGhEQLX6DpqWHdSETZB6.jpg,90,29,414,404,raccoon
raccoon-60_jpg.rf.uFavFoIvkBhCg7I6ZUSC.jpg,89,74,301,286,raccoon
raccoon-181_jpg.rf.xeJaWTEMqPNGPY1dcXXm.jpg,55,1,233,405,raccoon
raccoon-173_jpg.rf.v62IA847b0Mh9HlqgH0t.jpg,153,22,389,415,raccoon
raccoon-49_jpg.rf.ueFRmQOF2DaqGGEBhVhF.jpg,105,38,398,415,raccoon
raccoon-50_jpg.rf.whvFMBzgHg3ts3amHFfP.jpg,55,5,264,391,raccoon
raccoon-42_jpg.rf.vsqqbnbsZq3Fs6QloNbK.jpg,87,84,296,312,raccoon
raccoon-10_jpg.rf.umSu38h2FUXMMT9rANBV.jpg,120,2,412,410,raccoon
raccoon-38_jpg.rf.u4NfrBZwWiAr37WnyafY.jpg,11,36,413,386,raccoon
raccoon-71_jpg.rf.yJWB7DaXkDdrZLhsTo45.jpg,84,50,408,364,raccoon
raccoon-85_jpg.rf.u3OeM7EG2WspSHohlsK2.jpg,159,78,402,384,raccoon
raccoon-155_jpg.rf.ty5FSo5lTeXqwirH0gUx.jpg,74,195,230,363,raccoon
raccoon-6_jpg.rf.w8P1isJRqHWHZaiTZK99.jpg,1,51,266,365,raccoon
raccoon-191_jpg.rf.ymlwf9yvRpSxSpZ9hzUa.jpg,66,84,314,310,raccoon
raccoon-103_jpg.rf.yx4ScGFA2FZ23qfitAfV.jpg,80,35,399,354,raccoon
raccoon-190_jpg.rf.wa3dpHcSJzHEx7D6nePq.jpg,125,116,246,289,raccoon
raccoon-153_jpg.rf.zHGPtPwRfHNKb0tqWkv4.jpg,6,1,364,416,raccoon
raccoon-91_jpg.rf.zdghE2k81QF9RDOjL2Aw.jpg,39,19,381,408,raccoon
raccoon-58_jpg.rf.xkDTDgIa6iTVbYXlECQe.jpg,4,2,370,409,raccoon
raccoon-149_jpg.rf.xkn1c7ndvjcwaPjCMRU4.jpg,110,55,254,273,raccoon
raccoon-148_jpg.rf.vTmvA1TNQWOc2TfExUyR.jpg,27,197,145,351,raccoon
raccoon-148_jpg.rf.vTmvA1TNQWOc2TfExUyR.jpg,257,191,356,349,raccoon