raccoon-30_jpg.rf.3d7fec82876cd7ff6f7396c93a59a396.jpg,122,55,285,388,raccoon
raccoon-189_jpg.rf.3dde48ace4f382d50088d9cf494f8d21.jpg,13,2,352,405,raccoon
raccoon-19_jpg.rf.4b877f79c13c17fa218923084773ec00.jpg,140,17,292,191,raccoon
raccoon-55_jpg.rf.5b221bf351955c14e80459a380fa2da0.jpg,4,49,164,319,raccoon
raccoon-55_jpg.rf.5b221bf351955c14e80459a380fa2da0.jpg,180,27,369,409,raccoon
raccoon-192_jpg.rf.54d1fc9c2cc03814000b6071ba37e9ab.jpg,104,205,243,370,raccoon
raccoon-53_jpg.rf.3372db4c1f0fa75805262eaad064a3f7.jpg,114,97,316,367,raccoon
raccoon-185_jpg.rf.53089cc4bbef76a8aea5a70b56e56a65.jpg,38,3,302,412,raccoon
raccoon-56_jpg.rf.48fecf103e4a4c814569b50facecf288.jpg,35,12,388,398,raccoon
raccoon-41_jpg.rf.3e59f7f51aa762bcb23caefb60a8974f.jpg,125,65,315,389,raccoon
raccoon-147_jpg.rf.548e3735d38bfacd279dad5e8d9578a1.jpg,13,1,415,317,raccoon
raccoon-186_jpg.rf.45717b7fa9e2864677cc082bd988f35f.jpg,22,39,348,376,raccoon
raccoon-113_jpg.rf.44c31e8397cc40b9c2355a406f70f597.jpg,1,1,250,378,raccoon
raccoon-195_jpg.rf.438757fc784e4d9f04d8c257fa103283.jpg,46,205,366,414,raccoon
raccoon-135_jpg.rf.53470fb941a98a4192e22cff42802563.jpg,65,8,394,394,raccoon
raccoon-40_jpg.rf.535961124b91d43679aea1bf572ed169.jpg,142,61,303,318,raccoon
raccoon-50_jpg.rf.43389448512823c509aa0a11e769e7e8.jpg,55,5,264,391,raccoon
raccoon-150_jpg.rf.330597265393c690c4fbff7edf595381.jpg,121,141,283,384,raccoon
raccoon-29_jpg.rf.3789fab26d5503e529af0b5bb132ab91.jpg,106,14,331,407,raccoon
raccoon-200_jpg.rf.4d4cf20c6490045c87cadf8bd468bd8f.jpg,170,22,397,358,raccoon
raccoon-1_jpg.rf.4735f8b019bd0bfa86593b474aa7a5fa.jpg,52,88,334,407,raccoon
raccoon-175_jpg.rf.5c172ad47029edf77be38f333f49c6cd.jpg,46,97,233,413,raccoon
raccoon-157_jpg.rf.42e9b274a066a55cee4aadbf3e610f97.jpg,2,2,272,380,raccoon
raccoon-35_jpg.rf.412f8d6d90c7ea71ea9f6d5f5c7c39c7.jpg,2,2,250,414,raccoon
raccoon-184_jpg.rf.43059125d060a4ed8ffcf96e9fd11182.jpg,53,50,369,401,raccoon
raccoon-136_jpg.rf.47c7f0f51edf22d75682fe3c49dd074a.jpg,83,51,322,406,raccoon
raccoon-47_jpg.rf.768641c75d43f2db6ff435e7e2a4bd3d.jpg,54,9,372,414,raccoon
raccoon-155_jpg.rf.601b4d9d26e96479d26202797f1f1fa9.jpg,74,195,230,363,raccoon
raccoon-114_jpg.rf.61a417d19d8044073beb206aa2db9f44.jpg,161,35,348,263,raccoon
raccoon-44_jpg.rf.76519fa3d01a9d19c4e022e98292c60e.jpg,63,35,343,409,raccoon
raccoon-176_jpg.rf.710df90ee6b4d97ad62923a0a38517f5.jpg,160,71,318,333,raccoon
raccoon-176_jpg.rf.710df90ee6b4d97ad62923a0a38517f5.jpg,54,1,163,147,raccoon
raccoon-22_jpg.rf.61a989ae36b537bf441a2c519bfc2791.jpg,164,88,303,387,raccoon
raccoon-105_jpg.rf.73bb0ca933f4a5d8e47ee57c46617cd7.jpg,145,21,413,377,raccoon
raccoon-199_jpg.rf.827e00d23cc83c841e24e17399268364.jpg,18,62,345,391,raccoon
raccoon-149_jpg.rf.70664e11725b4721cc466510f117e48e.jpg,110,55,254,273,raccoon
raccoon-127_jpg.rf.76bba62c5d0feb6fd7cfa725fc6dfd02.jpg,206,123,349,345,raccoon
raccoon-168_jpg.rf.6409e77ba490144d3c4ccb0fb53f2c9d.jpg,65,117,248,402,raccoon
raccoon-168_jpg.rf.6409e77ba490144d3c4ccb0fb53f2c9d.jpg,115,2,312,410,raccoon
raccoon-28_jpg.rf.7b2be1128d5b1d3d43776e878d595a10.jpg,64,74,416,415,raccoon
raccoon-23_jpg.rf.69d0e4ab322789ad3e2bfdcd933233ad.jpg,173,2,416,414,raccoon
raccoon-33_jpg.rf.85235043b0e7fe2f572c7e8939c99024.jpg,62,6,411,415,raccoon
raccoon-151_jpg.rf.63bf95faedb0eb9e67960f1c0c43f60a.jpg,78,174,200,414,raccoon
raccoon-146_jpg.rf.8a125f9145d9522094fe8a2e16067397.jpg,6,9,410,409,raccoon
raccoon-170_jpg.rf.87c5e9d7e0bd78397063846b0ad329c7.jpg,85,58,408,371,raccoon
raccoon-119_jpg.rf.72a18cd6c7a2b03e30d1088780ddad94.jpg,17,49,377,276,raccoon
raccoon-119_jpg.rf.72a18cd6c7a2b03e30d1088780ddad94.jpg,220,280,288,314,raccoon
raccoon-119_jpg.rf.72a18cd6c7a2b03e30d1088780ddad94.jpg,206,306,291,369,raccoon
raccoon-54_jpg.rf.7499d29f80c5747ee957116f25592ae0.jpg,54,6,357,409,raccoon
raccoon-4_jpg.rf.87f15f7e193eba4c63363a9e8f698cc7.jpg,32,25,304,414,raccoon
raccoon-103_jpg.rf.7148e5c7d785760fe9cb6b7762180977.jpg,80,35,399,354,raccoon
raccoon-198_jpg.rf.6911aef3b0e22d84a8b6c19e1b504136.jpg,92,45,254,395,raccoon
raccoon-198_jpg.rf.6911aef3b0e22d84a8b6c19e1b504136.jpg,180,69,320,339,raccoon
raccoon-123_jpg.rf.86bc73224f4a7b91376dd68b12892e3c.jpg,182,43,358,402,raccoon
raccoon-194_jpg.rf.73825ff9c38622c80dc729027cc27d34.jpg,0,25,341,402,raccoon
raccoon-34_jpg.rf.918c55f154c1b2ef39a41e6085be2434.jpg,2,4,366,414,raccoon
raccoon-37_jpg.rf.7d902e8083bbdfc7d78c99ec0690019f.jpg,10,1,400,415,raccoon
raccoon-129_jpg.rf.93bae4d33ef5e605e19f822e8847875f.jpg,92,32,288,365,raccoon
raccoon-36_jpg.rf.95f61a0a202157751bc93616034b171d.jpg,73,26,305,415,raccoon
raccoon-178_jpg.rf.8c07568eb5114c00e77b073cccc719c6.jpg,89,27,366,409,raccoon
raccoon-145_jpg.rf.94d190d1aa954302de0f4a18cac2bc96.jpg,2,33,240,415,raccoon
raccoon-145_jpg.rf.94d190d1aa954302de0f4a18cac2bc96.jpg,181,38,395,415,raccoon
raccoon-17_jpg.rf.9a6f703c15e45c2d8e7beb2672336e90.jpg,153,129,268,253,raccoon
raccoon-101_jpg.rf.a9e8a95f51d60d7d3b40d3243aa11afd.jpg,56,52,260,348,raccoon
raccoon-18_jpg.rf.a89b15cc2d03110d1c2503a6ff5dedb4.jpg,56,67,349,347,raccoon
raccoon-156_jpg.rf.bf2e87941fc09d382617f414d3c3f6cc.jpg,56,45,288,403,raccoon
raccoon-32_jpg.rf.b41a8efc0d66b3b2810bc90e15385817.jpg,58,92,315,329,raccoon
raccoon-196_jpg.rf.a6da7cedce59b51c62f6ab91cf3c953b.jpg,148,168,377,407,raccoon
raccoon-137_jpg.rf.a67b07d859ac058643915ff7161e6c90.jpg,93,14,396,404,raccoon
raccoon-26_jpg.rf.ab207a81a546038c33a728a96bf86d14.jpg,155,6,415,376,raccoon
raccoon-131_jpg.rf.abdd5f18ff49a86f887e2de9fb682bfa.jpg,2,2,320,395,raccoon
raccoon-42_jpg.rf.ba5583e11220792d39341e7eed4f9385.jpg,87,84,296,312,raccoon
raccoon-173_jpg.rf.b1235c6a96f98374990c70d9434000c2.jpg,153,22,389,415,raccoon
raccoon-117_jpg.rf.b05cd921b42a5dda682dcc870518e462.jpg,65,115,173,301,raccoon
raccoon-117_jpg.rf.b05cd921b42a5dda682dcc870518e462.jpg,223,94,371,276,raccoon
raccoon-148_jpg.rf.93538e05d17b33d08bde474a425b5b2d.jpg,27,197,145,351,raccoon
raccoon-148_jpg.rf.93538e05d17b33d08bde474a425b5b2d.jpg,257,191,356,349,raccoon
raccoon-118_jpg.rf.c56a49568a139f5ff74c14ae8e460970.jpg,101,44,286,415,raccoon
raccoon-14_jpg.rf.ccd41578e4ad987071fdc014304b74f4.jpg,76,70,253,377,raccoon
raccoon-164_jpg.rf.b668f55ca2ffd629f8fd4298981104f1.jpg,15,61,272,414,raccoon
raccoon-43_jpg.rf.bc4e3f1c9c25487418260300964e2180.jpg,1,75,207,365,raccoon
raccoon-165_jpg.rf.cc8c1c4c613c5cb96148f31f64b0a738.jpg,57,18,406,375,raccoon
raccoon-152_jpg.rf.dcee9be6791185d580a7c06474e1e206.jpg,62,137,337,353,raccoon
raccoon-166_jpg.rf.c9c73f9a211869c92d3412c60cceac81.jpg,137,84,264,324,raccoon
raccoon-5_jpg.rf.aada59e008ebcd0aa1300d27a9539feb.jpg,5,7,401,398,raccoon
raccoon-102_jpg.rf.d140a1fcbfc8d62c7ad37167714f79df.jpg,2,2,190,326,raccoon
raccoon-162_jpg.rf.d2840607abbe025e9e81d523133f137d.jpg,72,73,259,394,raccoon
raccoon-109_jpg.rf.e0306efe98748d0b3b7859fb9b463f26.jpg,20,2,384,405,raccoon
raccoon-108_jpg.rf.b1c0928dfe114cfbd882e12141203f21.jpg,68,46,277,401,raccoon
raccoon-48_jpg.rf.99c91ae214e78cb740bfd2bca7b82cfe.jpg,69,61,383,380,raccoon
raccoon-128_jpg.rf.d69ad1a11a7823bd0e3818419b1071d8.jpg,122,187,305,318,raccoon
raccoon-13_jpg.rf.b553d6d2cc3f79ec70af325742125e41.jpg,35,24,248,263,raccoon
raccoon-181_jpg.rf.ae3fcbba8b7e2408d045a865027c34fc.jpg,55,1,233,405,raccoon
raccoon-142_jpg.rf.c3f459d88a59381fcfee3677549778c7.jpg,70,88,330,401,raccoon
raccoon-39_jpg.rf.e3e19cc56f672e57edb42749564d2a3d.jpg,90,29,414,404,raccoon
raccoon-100_jpg.rf.e9338202a924dc489ffd94e0291a0f39.jpg,238,7,414,376,raccoon
raccoon-187_jpg.rf.d8fc7a310b84d7776c66507634446811.jpg,185,131,336,322,raccoon
raccoon-143_jpg.rf.d75bca7db247c692bfacd20a587832da.jpg,28,63,383,348,raccoon
raccoon-138_jpg.rf.e8bafcdbf762d97f0236f84c2d08295d.jpg,90,116,363,322,raccoon
raccoon-25_jpg.rf.dada3d74aa39089ede4d16414c45fffa.jpg,20,54,214,416,raccoon
raccoon-167_jpg.rf.f10d27f483841a478c526980439c79d8.jpg,2,11,283,414,raccoon
raccoon-171_jpg.rf.e00ec73c6a64a07c1bc0035fa0fbca18.jpg,201,39,334,213,raccoon
raccoon-38_jpg.rf.d72bfc74df002a90d04736fa40265fd9.jpg,11,36,413,386,raccoon
raccoon-183_jpg.rf.ec95835ea04533da42d4d959d6707f20.jpg,75,7,282,349,raccoon
raccoon-169_jpg.rf.fcaebc6d02b2e9af8e353c1b5bae8244.jpg,131,1,372,415,raccoon
raccoon-163_jpg.rf.f2a2ca26f88d90a5d82142c377f40154.jpg,10,14,403,322,raccoon
raccoon-104_jpg.rf.e5f8de5f977a32d8a7f2223574ff2b72.jpg,131,56,236,341,raccoon
raccoon-161_jpg.rf.e8ff1acd5614eb0c53fe51d4c38db3cd.jpg,174,88,320,223,raccoon
raccoon-107_jpg.rf.fcfeeca4a65ce335eaaf55935489ff4e.jpg,137,34,413,395,raccoon
raccoon-3_jpg.rf.f876204db5f3b5622bc9e53f65b3452e.jpg,1,1,416,413,raccoon
raccoon-124_jpg.rf.ddf799871eb7bc5ceca93b4de5665b19.jpg,27,84,384,315,raccoon
raccoon-188_jpg.rf.f994d290893cde25fcb152b2f3cdecf0.jpg,24,78,331,367,raccoon
raccoon-45_jpg.rf.fa6b0fabef2ed4f9e9dd6b164792d373.jpg,94,7,305,414,raccoon
raccoon-126_jpg.rf.fee7da8bc1d801b76f703372955388a5.jpg,8,11,401,406,raccoon
raccoon-197_jpg.rf.feeda892bbf59049f5db5eecfb476ffd.jpg,37,21,321,378,raccoon
raccoon-110_jpg.rf.eebb2a613d561ef001c0f3b35710c779.jpg,52,3,375,398,raccoon
raccoon-172_jpg.rf.fe8d3321da448a533f6e3dde44ddda8c.jpg,124,64,270,363,raccoon
raccoon-121_jpg.rf.f6ebf9b6da4eaafdb71331856fed141e.jpg,38,36,289,393,raccoon
raccoon-12_jpg.rf.f244855efb01c95a0cef0d32b66dcc54.jpg,45,45,202,388,raccoon
raccoon-12_jpg.rf.f244855efb01c95a0cef0d32b66dcc54.jpg,137,71,378,414,raccoon
raccoon-20_jpg.rf.fb19aa368c074a61eed8829617ed6b7c.jpg,1,23,416,389,raccoon
raccoon-158_jpg.rf.f55a14ab6a3f4b94626a909bd6c829d4.jpg,35,53,396,403,raccoon
raccoon-159_jpg.rf.f00562bbdf4852182fce5c33b9831501.jpg,26,21,410,412,raccoon
raccoon-115_jpg.rf.053146d585dcd8e8ba423a8c81dd5b0a.jpg,50,85,343,362,raccoon
raccoon-139_jpg.rf.069e8c7f0a7485402ef0ad5813b743b9.jpg,32,13,284,358,raccoon
raccoon-140_jpg.rf.021c5b27b8cf2e2734530a035d7a3646.jpg,12,29,412,389,raccoon
raccoon-174_jpg.rf.05815e0d7dc378ed8188d368ccc857ce.jpg,54,28,255,343,raccoon
raccoon-24_jpg.rf.0778be28363352e342bd9494e7976a7e.jpg,119,106,278,345,raccoon
raccoon-24_jpg.rf.0778be28363352e342bd9494e7976a7e.jpg,216,170,314,321,raccoon
raccoon-160_jpg.rf.07d8ec8df1a81403c9bab454dbdb494d.jpg,11,89,265,414,raccoon
raccoon-141_jpg.rf.07e56dba92bd912066d0cf7a54e20290.jpg,2,2,257,363,raccoon
raccoon-125_jpg.rf.095796456c02641f5442fe988b190a32.jpg,21,13,405,405,raccoon
raccoon-112_jpg.rf.096e4a5594f3bc496cd5d3d7379e97e0.jpg,68,126,403,408,raccoon
raccoon-179_jpg.rf.0994f94900ca15a0c638076e40122ff4.jpg,1,163,187,395,raccoon
raccoon-182_jpg.rf.0ee4a4d4fa828093cffc43bc3ea07a8e.jpg,14,102,232,415,raccoon
raccoon-21_jpg.rf.1a912c8d6424050610135e493cfb5181.jpg,85,5,310,409,raccoon
raccoon-132_jpg.rf.0b354b87c7cf8e0bbaf011e22bce215b.jpg,10,4,386,281,raccoon
raccoon-10_jpg.rf.14ba49f1a3c6391580499dff9cabe176.jpg,120,2,412,410,raccoon
raccoon-133_jpg.rf.1904a8ef78ba547bae4bf1904d7dcecf.jpg,7,4,404,410,raccoon
raccoon-193_jpg.rf.0f4308408dd14204f9abf6a365fb6f8e.jpg,15,105,289,406,raccoon
raccoon-2_jpg.rf.1d070475673b53b1880a4b5551dae643.jpg,31,37,240,362,raccoon
raccoon-134_jpg.rf.17aaee25817c82dcccc9982cf2346af1.jpg,231,161,359,312,raccoon
raccoon-51_jpg.rf.20fce1e2bf1e589e1d6bc69221a2160b.jpg,164,73,401,375,raccoon
raccoon-49_jpg.rf.0c7ec1e43e783a62a23ab81b96aa7366.jpg,105,38,398,415,raccoon
raccoon-122_jpg.rf.15cffc72b474e63027182cd847834316.jpg,16,10,407,291,raccoon
raccoon-16_jpg.rf.2910e438d93b6c4ee7a49aaaf63a1f4c.jpg,50,116,348,411,raccoon
raccoon-144_jpg.rf.20b9bea695b9d1ed719968c1f41a0d62.jpg,86,45,284,415,raccoon
raccoon-15_jpg.rf.32c1c6da4b613bddace4a4ebb4a2be44.jpg,203,70,400,415,raccoon
raccoon-154_jpg.rf.09b18118aa2799acb05daa90de6a7e60.jpg,95,56,331,344,raccoon
raccoon-111_jpg.rf.27a8d7842380860ac1580682e18ee0f2.jpg,22,3,370,398,raccoon
raccoon-177_jpg.rf.1ffe2bcc19c2311f8c8d4ace8932a88d.jpg,12,41,237,405,raccoon
raccoon-177_jpg.rf.1ffe2bcc19c2311f8c8d4ace8932a88d.jpg,220,29,396,332,raccoon
raccoon-191_jpg.rf.1eff00dfe69cf22ac7d5b71d9ad82093.jpg,66,84,314,310,raccoon
raccoon-106_jpg.rf.10f11a11172797e1e1a0ab2db39f7f0f.jpg,48,47,349,325,raccoon
raccoon-153_jpg.rf.2a07e150eaf34de78982919f926f6cc4.jpg,6,1,364,416,raccoon
raccoon-130_jpg.rf.25161fc808fcd8453a86271fe596919a.jpg,145,61,323,300,raccoon
raccoon-130_jpg.rf.25161fc808fcd8453a86271fe596919a.jpg,295,40,416,414,raccoon
raccoon-46_jpg.rf.30eb23c3a2cb5e17bbae0aa6cac707e3.jpg,105,3,306,415,raccoon
raccoon-11_jpg.rf.2610060ad22fcea7c4ae086f903c5eec.jpg,2,1,290,415,raccoon
raccoon-180_jpg.rf.2a518477d077cb8a36c1af37d3b9a215.jpg,83,22,255,415,raccoon
raccoon-27_jpg.rf.316935b020d5fd007d7268a72769ae9d.jpg,10,39,409,387,raccoon
raccoon-31_jpg.rf.2e8fd57b2645856e968e01b729ab0c53.jpg,145,41,330,383,raccoon
raccoon-31_jpg.rf.2e8fd57b2645856e968e01b729ab0c53.jpg,19,107,141,282,raccoon
raccoon-190_jpg.rf.18c3f6bf1a7b1cd3288edc357d75af5b.jpg,125,116,246,289,raccoon